<ModMetaData>
	<name>VPE - Hydromancer</name>
	<author>Sentinel</author>
	<supportedVersions>
		<li>1.6</li>
	</supportedVersions>
	<modVersion>1.0</modVersion>
	<modDependencies>
		<li>
			<packageId>Ludeon.RimWorld.Royalty</packageId>
			<displayName>Royalty</displayName>
		</li>
		<li>
			<packageId>Ludeon.RimWorld.Odyssey</packageId>
			<displayName>Odyssey</displayName>
		</li>
		<li>
			<packageId>VanillaExpanded.VPsycastsE</packageId>
			<displayName>Vanilla Psycasts Expanded</displayName>
			<steamWorkshopUrl>https://steamcommunity.com/sharedfiles/filedetails/?id=2842502659</steamWorkshopUrl>
		</li>
	</modDependencies>
	<packageId>VPE.Hydromancer.Sentinel</packageId>
	<loadAfter>
		<li>Ludeon.RimWorld</li>
		<li>Ludeon.RimWorld.Royalty</li>
		<li>Ludeon.RimWorld.Ideology</li>
		<li>Ludeon.RimWorld.Biotech</li>
		<li>Ludeon.RimWorld.Anomaly</li>
		<li>Ludeon.RimWorld.Odyssey</li>
		<li>brrainz.harmony</li>
		<li>VanillaExpanded.VPsycastsE</li>
		<li>vanillaexpanded.achievements</li>
	</loadAfter>
	<description>
</description>
</ModMetaData>